sensor,temperature
5,2.69964
5,2.67532
5,2.65143
5,2.65143
5,2.68742
5,2.68742
5,2.67532
5,2.66332
5,2.67532
5,2.62796
5,2.61639
5,2.58226
5,2.58226
5,2.58226
5,2.58226
5,2.58226
5,2.54901
5,2.53812
5,2.52732
5,2.52732
5,2.51661
5,2.50599
5,2.56
5,2.56
5,2.50599
5,2.41431
5,2.42416
5,2.42416
5,2.39484
5,2.28431
5,2.27556
5,2.2497
5,2.21612
5,2.1997
5,2.16759
